feature,delta_profit,delta_auc,profit,auc,thr
funded_amnt,-279727.39999991655,0.00041213285248531406,241950983.49,0.6849752733150356,0.31000000000000005
home_ownership,-2176042.8499999642,-0.0013029298399624967,240054668.03999996,0.6832602106225878,0.34
annual_inc,-1231665.5499998927,0.00013406851343356063,240999045.34000003,0.6846972089759839,0.33
verification_status,-513987.75999993086,-0.0001255175570313849,241716723.13,0.6844376229055189,0.32000000000000006
issue_d,-1733823.919999957,-0.00010452935287119658,240496886.96999997,0.6844586111096791,0.35000000000000003
purpose,-1610512.8999999166,-0.002399393332181088,240620197.99,0.6821637471303692,0.33
dti,-1787302.329999864,-0.0033709105978999565,240443408.56000006,0.6811922298646503,0.34
delinq_2yrs,-249934.94999992847,-0.00010948550704226179,241980775.94,0.684453654955508,0.32000000000000006
earliest_cr_line,410180.02000004053,-0.0001678818442958363,242640890.90999997,0.6843952586182545,0.31000000000000005
fico_range_low,-175492.80999994278,-0.000793506248329745,242055218.07999998,0.6837696342142205,0.32000000000000006
inq_last_6mths,-437921.4499999285,-0.00020621108500107344,241792789.44,0.6843569293775492,0.32000000000000006
mths_since_last_delinq,-740367.3599999547,-5.31011159818906e-05,241490343.52999997,0.6845100393465684,0.33
mths_since_last_record,-1305568.7899999022,-4.133277308682182e-05,240925142.10000002,0.6845218076894635,0.34
open_acc,-927838.6499999762,-0.0004209156281257398,241302872.23999995,0.6841422248344246,0.33
pub_rec,-1172253.1499999166,-5.342458698276431e-05,241058457.74,0.6845097158755675,0.34
revol_bal,506742.79000002146,0.00031402460133611587,242737453.67999995,0.6848771650638864,0.31000000000000005
revol_util,-724994.159999907,-0.0007483270625203708,241505716.73000002,0.6838148134000299,0.32000000000000006
total_acc,-1849041.7799999118,0.00019971116375094855,240381669.11,0.6847628516263012,0.34
initial_list_status,-156248.469999969,-0.0005708703482759647,242074462.41999996,0.6839922701142743,0.31000000000000005
collections_12_mths_ex_med,-604750.7599999309,0.00010778874025274554,241625960.13,0.684670929202803,0.33
mths_since_last_major_derog,-1076305.5299999714,0.00019391133956325746,241154405.35999995,0.6847570518021135,0.33
acc_now_delinq,420828.57000005245,-0.00012151483783062744,242651539.45999998,0.6844416256247197,0.31000000000000005
tot_coll_amt,-1691126.6299999356,-0.00012704326027379587,240539584.26,0.6844360972022765,0.34
tot_cur_bal,-884937.8899999261,-0.0002621268033996538,241345773.0,0.6843010136591506,0.33
total_rev_hi_lim,-514288.2999998927,-0.00042558438961481926,241716422.59000003,0.6841375560729355,0.32000000000000006
acc_open_past_24mths,-2830545.5499998927,-0.0028140581324562763,239400165.34000003,0.681749082330094,0.35000000000000003
avg_cur_bal,1159254.090000093,0.00044055955708777184,243389964.98000002,0.6850037000196381,0.30000000000000004
bc_open_to_buy,-1009917.2199999094,0.00023050492193943395,241220793.67000002,0.6847936453844897,0.34
bc_util,990119.9200000763,-0.0005342704484923022,243220830.81,0.684028870014058,0.30000000000000004
chargeoff_within_12_mths,-2167606.0199998617,0.00011874712242221364,240063104.87000006,0.6846818875849725,0.35000000000000003
delinq_amnt,-1001096.5099999309,-0.00023714461582835522,241229614.38,0.6843259958467219,0.33
mo_sin_old_il_acct,-557629.219999969,-0.0002136503751191121,241673081.66999996,0.6843494900874312,0.32000000000000006
mo_sin_old_rev_tl_op,-367892.4399999976,-0.0003232378984199258,241862818.44999993,0.6842399025641304,0.32000000000000006
mo_sin_rcnt_rev_tl_op,-2966504.6999999285,-0.0002268290298619302,239264206.19,0.6843363114326884,0.36000000000000004
mo_sin_rcnt_tl,-795227.8499999642,-0.00011476088770612236,241435483.03999996,0.6844483795748442,0.33
mort_acc,-758657.7299999595,-9.9409982557086e-05,241472053.15999997,0.6844637304799932,0.33
mths_since_recent_bc,-1682665.2299998999,-0.0012337143996307143,240548045.66000003,0.6833294260629196,0.34
mths_since_recent_bc_dlq,-1237229.1999998689,0.00019917635573052372,240993481.69000006,0.6847623168182808,0.34
mths_since_recent_inq,-2316101.8299999237,-0.0013719954392874545,239914609.06,0.6831911450232628,0.35000000000000003
mths_since_recent_revol_delinq,-2625894.0600000024,0.00035551067026196037,239604816.82999992,0.6849186511328123,0.36000000000000004
num_accts_ever_120_pd,-613399.7399998903,-0.0005069022057579975,241617311.15000004,0.6840562382567923,0.31000000000000005
num_actv_bc_tl,-328262.62000000477,-0.00038724429086556267,241902448.26999992,0.6841758961716847,0.32000000000000006
num_actv_rev_tl,-1362966.1399998665,2.1676061246145295e-05,240867744.75000006,0.6845848165237964,0.33
num_bc_sats,-1392264.5600000024,0.00020443233997957666,240838446.32999992,0.6847675728025299,0.33
num_bc_tl,-25002.02999997139,-0.0008150767397755443,242205708.85999995,0.6837480637227747,0.32000000000000006
num_il_tl,-1759303.3999999166,-0.00025221212602954957,240471407.49,0.6843109283365207,0.34
num_op_rev_tl,-979154.429999888,-0.00019836303888209894,241251556.46000004,0.6843647774236682,0.33
num_rev_accts,-1550537.219999969,-0.00017127680916251276,240680173.66999996,0.6843918636533878,0.34
num_rev_tl_bal_gt_0,-1762938.9499999285,-0.0005125578153799548,240467771.94,0.6840505826471703,0.35000000000000003
num_sats,-1499991.8399999142,-0.00040712295099631923,240730719.05,0.684156017511554,0.34
num_tl_120dpd_2m,-1040814.2300000191,-0.0002788660081798344,241189896.6599999,0.6842842744543705,0.34
num_tl_30dpd,-1308393.5899999142,-0.00031571756781001437,240922317.3,0.6842474228947403,0.34
num_tl_90g_dpd_24m,-941158.3399998546,-0.0004228842902074259,241289552.55000007,0.6841402561723429,0.33
num_tl_op_past_12m,-626164.3599999547,-0.000763102441984076,241604546.52999997,0.6838000380205662,0.32000000000000006
pct_tl_nvr_dlq,-1241076.3199999332,-0.0002060301998594305,240989634.57,0.6843571102626909,0.34
percent_bc_gt_75,-1390055.9499999285,-0.0014068876648827278,240840654.94,0.6831562527976676,0.33
pub_rec_bankruptcies,188860.85000008345,-0.0005664788617461003,242419571.74,0.6839966616008042,0.31000000000000005
tax_liens,298787.8400000334,-0.0005026825724514516,242529498.72999996,0.6840604578900988,0.31000000000000005
tot_hi_cred_lim,790303.9800001383,-0.0006398662587004944,243021014.87000006,0.6839232742038498,0.30000000000000004
total_bal_ex_mort,-1824476.359999895,-0.00022570922004516714,240406234.53000003,0.6843374312425051,0.35000000000000003
total_bc_limit,-2184226.869999945,-0.00018480805420617585,240046484.01999998,0.6843783324083441,0.36000000000000004
total_il_high_credit_limit,-534387.5299999118,-0.00010119672304753635,241696323.36,0.6844619437395028,0.32000000000000006
emp_length_anos,-1735339.519999981,-0.0007173630798150699,240495371.36999995,0.6838457773827352,0.34
era_pre_2012,-383462.34999996424,-0.00032751695484001253,241847248.53999996,0.6842356235077103,0.32000000000000006
mths_since_last_delinq_missing,-1336480.9599999785,-0.0003920968494262045,240894229.92999995,0.6841710436131241,0.34
mths_since_last_record_missing,-105397.29999989271,-0.0003996492112658956,242125313.59000003,0.6841634912512844,0.32000000000000006
mths_since_recent_bc_dlq_missing,-1731362.5199998617,-0.0001994355174981255,240499348.37000006,0.6843637049450522,0.34
mths_since_recent_revol_delinq_missing,-768034.8599999547,-0.0002902226337895275,241462676.02999997,0.6842729178287608,0.33
mths_since_last_major_derog_missing,-46438.369999945164,-0.0004283397663370492,242184272.51999998,0.6841348006962132,0.31000000000000005
emp_length_missing,-486825.22999995947,-0.00028642152872326854,241743885.65999997,0.684276718933827,0.32000000000000006
mths_since_recent_inq_missing,-876868.5899999738,9.756959345885718e-05,241353842.29999995,0.6846607100560091,0.33
num_tl_120dpd_2m_missing,90082.97000002861,-0.00022197987677863296,242320793.85999995,0.6843411605857717,0.31000000000000005
sparse_bureau_missing,90082.97000002861,-0.00022197987677863296,242320793.85999995,0.6843411605857717,0.31000000000000005
installment_to_income,-1627128.2799999118,-0.0025017979632658838,240603582.61,0.6820613424992844,0.34
loan_to_income,313301.6900000572,-0.0003837747016237625,242544012.57999998,0.6841793657609265,0.31000000000000005
credit_history_months,-1099124.7499998212,-0.0007178609211312414,241131586.1400001,0.683845279541419,0.33
revol_bal_to_income,8435.1400000453,-0.0005887308928701485,242239146.02999997,0.6839744095696801,0.30000000000000004
open_acc_ratio,581451.4300000072,-0.0004802517784397997,242812162.31999993,0.6840828886841105,0.31000000000000005
