quarter,feature,psi,band,n_baseline,n_quarter
2007Q2,model_score,12.433828351892359,unstable,172988,1
2007Q2,fico_range_low,11.78437855054213,unstable,172988,1
2007Q2,installment_to_income,12.433828352560717,unstable,172988,1
2007Q2,annual_inc,12.377950376028071,unstable,172988,1
2007Q2,dti,12.433554273650211,unstable,172988,1
2007Q2,revol_util,12.414736483676009,unstable,172988,1
2007Q2,inq_last_6mths,2.431387724136737,unstable,172988,1
2007Q3,model_score,0.15442952366036064,attention,172988,81
2007Q3,fico_range_low,0.7965517393850725,unstable,172988,81
2007Q3,installment_to_income,1.053019350885837,unstable,172988,81
2007Q3,annual_inc,0.3148700170165481,unstable,172988,81
2007Q3,dti,3.993981302705413,unstable,172988,81
2007Q3,revol_util,1.10661906772403,unstable,172988,81
2007Q3,inq_last_6mths,0.02726334639657214,stable,172988,81
2007Q4,model_score,0.40670691957586846,unstable,172988,169
2007Q4,fico_range_low,0.13766052204350632,attention,172988,169
2007Q4,installment_to_income,0.1690330576580579,attention,172988,169
2007Q4,annual_inc,0.09336408845921458,stable,172988,169
2007Q4,dti,1.4515626305601728,unstable,172988,169
2007Q4,revol_util,0.3289421456331265,unstable,172988,169
2007Q4,inq_last_6mths,0.08242571117888778,stable,172988,169
2008Q1,model_score,0.24831588752184194,attention,172988,581
2008Q1,fico_range_low,0.1013232920282827,attention,172988,581
2008Q1,installment_to_income,0.03439665247785666,stable,172988,581
2008Q1,annual_inc,0.054045305265474915,stable,172988,581
2008Q1,dti,1.4032755944435207,unstable,172988,581
2008Q1,revol_util,0.2699418180943609,unstable,172988,581
2008Q1,inq_last_6mths,0.030383209249720218,stable,172988,581
2008Q2,model_score,0.11946930337339198,attention,172988,292
2008Q2,fico_range_low,0.09206168198983247,stable,172988,292
2008Q2,installment_to_income,0.7672912874621304,unstable,172988,292
2008Q2,annual_inc,0.11654396512817396,attention,172988,292
2008Q2,dti,0.4795793618177644,unstable,172988,292
2008Q2,revol_util,0.20269544187157712,attention,172988,292
2008Q2,inq_last_6mths,0.03957610285330795,stable,172988,292
2008Q3,model_score,0.2708913893535323,unstable,172988,186
2008Q3,fico_range_low,0.07360752752203584,stable,172988,186
2008Q3,installment_to_income,1.8303757508452045,unstable,172988,186
2008Q3,annual_inc,0.1576914993011475,attention,172988,186
2008Q3,dti,0.4275001867507819,unstable,172988,186
2008Q3,revol_util,0.27082255564891755,unstable,172988,186
2008Q3,inq_last_6mths,0.0720354768582563,stable,172988,186
2008Q4,model_score,0.13008723206189735,attention,172988,503
2008Q4,fico_range_low,0.16084918240689375,attention,172988,503
2008Q4,installment_to_income,0.2072655546977053,attention,172988,503
2008Q4,annual_inc,0.009003157905322062,stable,172988,503
2008Q4,dti,1.2812494308362308,unstable,172988,503
2008Q4,revol_util,0.28178011977468165,unstable,172988,503
2008Q4,inq_last_6mths,0.04934218399335068,stable,172988,503
2009Q1,model_score,0.049463956453577186,stable,172988,775
2009Q1,fico_range_low,0.16081675828536213,attention,172988,775
2009Q1,installment_to_income,0.08039898523430569,stable,172988,775
2009Q1,annual_inc,0.026049902908851646,stable,172988,775
2009Q1,dti,1.270676418742853,unstable,172988,775
2009Q1,revol_util,0.23572705301698166,attention,172988,775
2009Q1,inq_last_6mths,0.04321279279510416,stable,172988,775
2009Q2,model_score,0.03062659680580405,stable,172988,965
2009Q2,fico_range_low,0.29334910575710976,unstable,172988,965
2009Q2,installment_to_income,0.08742310878845738,stable,172988,965
2009Q2,annual_inc,0.033484304596740636,stable,172988,965
2009Q2,dti,1.3015832470337592,unstable,172988,965
2009Q2,revol_util,0.25597263121078634,unstable,172988,965
2009Q2,inq_last_6mths,0.03365305822061912,stable,172988,965
2009Q3,model_score,0.05492471332365275,stable,172988,1231
2009Q3,fico_range_low,0.3065645737695995,unstable,172988,1231
2009Q3,installment_to_income,0.08972348590306896,stable,172988,1231
2009Q3,annual_inc,0.014133488256548086,stable,172988,1231
2009Q3,dti,1.2479764414486356,unstable,172988,1231
2009Q3,revol_util,0.22134528639527348,attention,172988,1231
2009Q3,inq_last_6mths,0.03959219712824903,stable,172988,1231
2009Q4,model_score,0.0317288214236597,stable,172988,1745
2009Q4,fico_range_low,0.2883469046621987,unstable,172988,1745
2009Q4,installment_to_income,0.05136773802685307,stable,172988,1745
2009Q4,annual_inc,0.029788861007327274,stable,172988,1745
2009Q4,dti,1.2711862585668818,unstable,172988,1745
2009Q4,revol_util,0.22518520510433437,attention,172988,1745
2009Q4,inq_last_6mths,0.02116007665210777,stable,172988,1745
2010Q1,model_score,0.04391660981351425,stable,172988,1953
2010Q1,fico_range_low,0.2462848288398131,attention,172988,1953
2010Q1,installment_to_income,0.02727643680238659,stable,172988,1953
2010Q1,annual_inc,0.008864441343770943,stable,172988,1953
2010Q1,dti,1.2252602934815766,unstable,172988,1953
2010Q1,revol_util,0.1563672260444873,attention,172988,1953
2010Q1,inq_last_6mths,0.004607601510484784,stable,172988,1953
2010Q2,model_score,0.06522820464042381,stable,172988,2184
2010Q2,fico_range_low,0.20438096380035345,attention,172988,2184
2010Q2,installment_to_income,0.0704940226284458,stable,172988,2184
2010Q2,annual_inc,0.018816334048283936,stable,172988,2184
2010Q2,dti,1.2396805869661436,unstable,172988,2184
2010Q2,revol_util,0.17176576690729103,attention,172988,2184
2010Q2,inq_last_6mths,0.003647199930458565,stable,172988,2184
2010Q3,model_score,0.10492776408599172,attention,172988,2086
2010Q3,fico_range_low,0.20794846006088855,attention,172988,2086
2010Q3,installment_to_income,0.15459818709790224,attention,172988,2086
2010Q3,annual_inc,0.031255054272914216,stable,172988,2086
2010Q3,dti,1.238422486650361,unstable,172988,2086
2010Q3,revol_util,0.15532438358674655,attention,172988,2086
2010Q3,inq_last_6mths,0.0032391276461119375,stable,172988,2086
2010Q4,model_score,0.14098126717740195,attention,172988,2243
2010Q4,fico_range_low,0.26900585135867716,unstable,172988,2243
2010Q4,installment_to_income,0.2173604593795043,attention,172988,2243
2010Q4,annual_inc,0.019256387239231013,stable,172988,2243
2010Q4,dti,1.259547613384637,unstable,172988,2243
2010Q4,revol_util,0.15719938900033495,attention,172988,2243
2010Q4,inq_last_6mths,0.001858553766498211,stable,172988,2243
2011Q1,model_score,0.15415581189206018,attention,172988,2617
2011Q1,fico_range_low,0.3090886992733712,unstable,172988,2617
2011Q1,installment_to_income,0.14336220048090675,attention,172988,2617
2011Q1,annual_inc,0.009271333147137613,stable,172988,2617
2011Q1,dti,0.20953973655285013,attention,172988,2617
2011Q1,revol_util,0.1345960299275242,attention,172988,2617
2011Q1,inq_last_6mths,0.0009631151767548929,stable,172988,2617
2011Q2,model_score,0.07048655692360935,stable,172988,3163
2011Q2,fico_range_low,0.2556251588146712,unstable,172988,3163
2011Q2,installment_to_income,0.24870392778931227,attention,172988,3163
2011Q2,annual_inc,0.022730767687679843,stable,172988,3163
2011Q2,dti,0.20102793581608014,attention,172988,3163
2011Q2,revol_util,0.19811830331573363,attention,172988,3163
2011Q2,inq_last_6mths,0.0036199688089627426,stable,172988,3163
2011Q3,model_score,0.05127962601184308,stable,172988,3951
2011Q3,fico_range_low,0.2545357812823257,unstable,172988,3951
2011Q3,installment_to_income,0.221497151825168,attention,172988,3951
2011Q3,annual_inc,0.01241854673812395,stable,172988,3951
2011Q3,dti,0.20689645898544629,attention,172988,3951
2011Q3,revol_util,0.173005073995712,attention,172988,3951
2011Q3,inq_last_6mths,0.00020001324888144784,stable,172988,3951
2011Q4,model_score,0.022214280941649032,stable,172988,4370
2011Q4,fico_range_low,0.16317403250239382,attention,172988,4370
2011Q4,installment_to_income,0.047783207410363904,stable,172988,4370
2011Q4,annual_inc,0.014780214145656233,stable,172988,4370
2011Q4,dti,0.1691253877954083,attention,172988,4370
2011Q4,revol_util,0.04294960428395234,stable,172988,4370
2011Q4,inq_last_6mths,0.0013409866044647395,stable,172988,4370
2012Q1,model_score,0.07016076519128962,stable,172988,6498
2012Q1,fico_range_low,0.14630889820914192,attention,172988,6498
2012Q1,installment_to_income,0.005055590149314641,stable,172988,6498
2012Q1,annual_inc,0.008225091054601315,stable,172988,6498
2012Q1,dti,0.15261417035467345,attention,172988,6498
2012Q1,revol_util,0.012107817446821722,stable,172988,6498
2012Q1,inq_last_6mths,0.0012786347768700768,stable,172988,6498
2012Q2,model_score,0.03963861451239034,stable,172988,8469
2012Q2,fico_range_low,0.021924351196224635,stable,172988,8469
2012Q2,installment_to_income,0.019985115258432787,stable,172988,8469
2012Q2,annual_inc,0.006668730774443751,stable,172988,8469
2012Q2,dti,0.04640420154508507,stable,172988,8469
2012Q2,revol_util,0.027170534454403625,stable,172988,8469
2012Q2,inq_last_6mths,8.342656761608984e-05,stable,172988,8469
2012Q3,model_score,0.0476411440002491,stable,172988,13322
2012Q3,fico_range_low,0.005662784095997305,stable,172988,13322
2012Q3,installment_to_income,0.004663710722714918,stable,172988,13322
2012Q3,annual_inc,0.018934628310638926,stable,172988,13322
2012Q3,dti,0.022312518655980267,stable,172988,13322
2012Q3,revol_util,0.005215567296118504,stable,172988,13322
2012Q3,inq_last_6mths,0.0016872377134885003,stable,172988,13322
2012Q4,model_score,0.002808996772266632,stable,172988,15181
2012Q4,fico_range_low,0.020684884796900314,stable,172988,15181
2012Q4,installment_to_income,0.0036939449420690224,stable,172988,15181
2012Q4,annual_inc,0.0019938428897092807,stable,172988,15181
2012Q4,dti,0.028966568727746646,stable,172988,15181
2012Q4,revol_util,0.01503403123197497,stable,172988,15181
2012Q4,inq_last_6mths,0.003533925895700735,stable,172988,15181
2013Q1,model_score,0.0028133825885160906,stable,172988,17988
2013Q1,fico_range_low,0.055384137469138076,stable,172988,17988
2013Q1,installment_to_income,0.036907255238859904,stable,172988,17988
2013Q1,annual_inc,0.017897109590657902,stable,172988,17988
2013Q1,dti,0.028221706417566238,stable,172988,17988
2013Q1,revol_util,0.049457103886778285,stable,172988,17988
2013Q1,inq_last_6mths,8.68024844429107e-05,stable,172988,17988
2013Q2,model_score,0.000988997695184087,stable,172988,23136
2013Q2,fico_range_low,0.03270979601819299,stable,172988,23136
2013Q2,installment_to_income,0.013538873585114863,stable,172988,23136
2013Q2,annual_inc,0.0009211480175613342,stable,172988,23136
2013Q2,dti,0.008070141026480099,stable,172988,23136
2013Q2,revol_util,0.013395973999189325,stable,172988,23136
2013Q2,inq_last_6mths,0.0015138818164300316,stable,172988,23136
2013Q3,model_score,0.0012011716947189972,stable,172988,27318
2013Q3,fico_range_low,0.02945957126802548,stable,172988,27318
2013Q3,installment_to_income,0.006315773236271568,stable,172988,27318
2013Q3,annual_inc,0.0003549237077176938,stable,172988,27318
2013Q3,dti,0.0037364290629881363,stable,172988,27318
2013Q3,revol_util,0.010594957882691363,stable,172988,27318
2013Q3,inq_last_6mths,0.002664671613689201,stable,172988,27318
2013Q4,model_score,0.006518646557884737,stable,172988,31980
2013Q4,fico_range_low,0.025317325593607568,stable,172988,31980
2013Q4,installment_to_income,0.007174207121118363,stable,172988,31980
2013Q4,annual_inc,0.009463877996382026,stable,172988,31980
2013Q4,dti,0.015624656868695568,stable,172988,31980
2013Q4,revol_util,0.023101862114668005,stable,172988,31980
2013Q4,inq_last_6mths,0.0003951846110362303,stable,172988,31980
2014Q1,model_score,0.002068842553123386,stable,172988,34074
2014Q1,fico_range_low,0.07993438699403509,stable,172988,34074
2014Q1,installment_to_income,0.013855150272447653,stable,172988,34074
2014Q1,annual_inc,0.011985655554454886,stable,172988,34074
2014Q1,dti,0.020090792159260094,stable,172988,34074
2014Q1,revol_util,0.027549791066965014,stable,172988,34074
2014Q1,inq_last_6mths,0.00027048667681700116,stable,172988,34074
2014Q2,model_score,0.0016786700472663438,stable,172988,37881
2014Q2,fico_range_low,0.06406251037525983,stable,172988,37881
2014Q2,installment_to_income,0.003855759082043356,stable,172988,37881
2014Q2,annual_inc,0.004512350035668593,stable,172988,37881
2014Q2,dti,0.014109006224630684,stable,172988,37881
2014Q2,revol_util,0.0328009832275049,stable,172988,37881
2014Q2,inq_last_6mths,0.0016342598429020046,stable,172988,37881
2014Q3,model_score,0.0013384193364493822,stable,172988,40595
2014Q3,fico_range_low,0.05416447171393847,stable,172988,40595
2014Q3,installment_to_income,0.005692785807752636,stable,172988,40595
2014Q3,annual_inc,0.007989481257959107,stable,172988,40595
2014Q3,dti,0.03977852287803998,stable,172988,40595
2014Q3,revol_util,0.027168267417724584,stable,172988,40595
2014Q3,inq_last_6mths,0.0014133005506108962,stable,172988,40595
2014Q4,model_score,0.007856294047713454,stable,172988,50020
2014Q4,fico_range_low,0.0988966782777263,stable,172988,50020
2014Q4,installment_to_income,0.004446274681864043,stable,172988,50020
2014Q4,annual_inc,0.0036394790011264433,stable,172988,50020
2014Q4,dti,0.06957579860945036,stable,172988,50020
2014Q4,revol_util,0.02193576043152807,stable,172988,50020
2014Q4,inq_last_6mths,0.04111137596436231,stable,172988,50020
2015Q1,model_score,0.004468179917653952,stable,172988,56568
2015Q1,fico_range_low,0.08519839802193342,stable,172988,56568
2015Q1,installment_to_income,0.005660311768154173,stable,172988,56568
2015Q1,annual_inc,0.005532789060915814,stable,172988,56568
2015Q1,dti,0.08770687819809145,stable,172988,56568
2015Q1,revol_util,0.01988260875376624,stable,172988,56568
2015Q1,inq_last_6mths,0.04339092464778535,stable,172988,56568
2015Q2,model_score,0.0025346123361000743,stable,172988,64222
2015Q2,fico_range_low,0.06678518434297283,stable,172988,64222
2015Q2,installment_to_income,0.005190967814785377,stable,172988,64222
2015Q2,annual_inc,0.005748729324766251,stable,172988,64222
2015Q2,dti,0.08182958529839887,stable,172988,64222
2015Q2,revol_util,0.030957362719986614,stable,172988,64222
2015Q2,inq_last_6mths,0.04495845900611882,stable,172988,64222
2015Q3,model_score,0.0019640130031460014,stable,172988,73567
2015Q3,fico_range_low,0.045763166210116064,stable,172988,73567
2015Q3,installment_to_income,0.00483230622709271,stable,172988,73567
2015Q3,annual_inc,0.01176694013029798,stable,172988,73567
2015Q3,dti,0.0828972443612812,stable,172988,73567
2015Q3,revol_util,0.04225406391279791,stable,172988,73567
2015Q3,inq_last_6mths,0.05077475802302837,stable,172988,73567
2015Q4,model_score,0.0028478800077192702,stable,172988,88430
2015Q4,fico_range_low,0.04393634029038455,stable,172988,88430
2015Q4,installment_to_income,0.010242911079017973,stable,172988,88430
2015Q4,annual_inc,0.019410344712405964,stable,172988,88430
2015Q4,dti,0.08465972102639172,stable,172988,88430
2015Q4,revol_util,0.05427619246721888,stable,172988,88430
2015Q4,inq_last_6mths,0.0434773569869997,stable,172988,88430
